INSERT INTO public.groups (id, name, created_at)
VALUES
  ('00000000-0000-0000-0000-000000000001', 'Core Team', NOW()),
  ('00000000-0000-0000-0000-000000000002', 'Design Team', NOW()),
  ('00000000-0000-0000-0000-000000000003', 'Operations Team', NOW());

INSERT INTO public.users (id, email, display_name, password_hash, default_group_id, created_at)
VALUES
  (
    '00000000-0000-0000-0000-000000000101',
    'owner@example.com',
    'Owner User',
    '$2a$10$5RMV3uO59nGaSBXo0MpXj.1joAS8.Ivp8j7iDeSNWBhBMq6x0kF4y',
    '00000000-0000-0000-0000-000000000001',
    NOW()
  ),
  (
    '00000000-0000-0000-0000-000000000102',
    'member@example.com',
    'Member User',
    '$2a$10$5RMV3uO59nGaSBXo0MpXj.1joAS8.Ivp8j7iDeSNWBhBMq6x0kF4y',
    '00000000-0000-0000-0000-000000000001',
    NOW()
  );

INSERT INTO public.group_memberships (user_id, group_id, role, created_at)
VALUES
  ('00000000-0000-0000-0000-000000000101', '00000000-0000-0000-0000-000000000001', 'owner', NOW()),
  ('00000000-0000-0000-0000-000000000101', '00000000-0000-0000-0000-000000000002', 'owner', NOW()),
  ('00000000-0000-0000-0000-000000000101', '00000000-0000-0000-0000-000000000003', 'owner', NOW()),
  ('00000000-0000-0000-0000-000000000102', '00000000-0000-0000-0000-000000000002', 'member', NOW()),
  ('00000000-0000-0000-0000-000000000102', '00000000-0000-0000-0000-000000000001', 'member', NOW());

INSERT INTO public.projects (id, group_id, name, created_by, created_at)
VALUES
  (
    '00000000-0000-0000-0000-000000000201',
    '00000000-0000-0000-0000-000000000001',
    'Core Demo Project',
    '00000000-0000-0000-0000-000000000101',
    NOW()
  ),
  (
    '00000000-0000-0000-0000-000000000202',
    '00000000-0000-0000-0000-000000000002',
    'Design Demo Project',
    '00000000-0000-0000-0000-000000000101',
    NOW()
  ),
  (
    '00000000-0000-0000-0000-000000000203',
    '00000000-0000-0000-0000-000000000003',
    'Operations Demo Project',
    '00000000-0000-0000-0000-000000000101',
    NOW()
  );

INSERT INTO public.nodes (id, project_id, parent_id, group_id, created_by, node_type, name, created_at)
VALUES
  (
    '00000000-0000-0000-0000-000000000301',
    '00000000-0000-0000-0000-000000000201',
    NULL,
    '00000000-0000-0000-0000-000000000001',
    '00000000-0000-0000-0000-000000000101',
    'folder',
    'root',
    NOW()
  ),
  (
    '00000000-0000-0000-0000-000000000302',
    '00000000-0000-0000-0000-000000000201',
    '00000000-0000-0000-0000-000000000301',
    '00000000-0000-0000-0000-000000000001',
    '00000000-0000-0000-0000-000000000101',
    'folder',
    'sample-folder',
    NOW()
  ),
  (
    '00000000-0000-0000-0000-000000000401',
    '00000000-0000-0000-0000-000000000201',
    '00000000-0000-0000-0000-000000000302',
    '00000000-0000-0000-0000-000000000001',
    '00000000-0000-0000-0000-000000000101',
    'image',
    'sample-image.jpg',
    NOW()
  );

INSERT INTO public.image_data (file_id, mime_type, size_bytes, storage_key, thumbnail_key, created_at)
VALUES (
  '00000000-0000-0000-0000-000000000401',
  'image/jpeg',
  12345,
  'demo/sample-image.jpg',
  'data:image/gif;base64,R0lGODlhAQABAIAAAAAAAP///ywAAAAAAQABAAACAUwAOw==',
  NOW()
);
